2,Adhik,Parthasarathy,
1,Adhik,
1,Adhik,
1,Adhik,
1,Adhik,
3,Adhik,
2,Adhikara,Pant,
1,Adhikara,
1,Adhikara,
1,Adhikara,
1,Adhikara,
3,Adhikara,
2,Aditeya,Nagaraja,
1,Aditeya,
1,Aditeya,
1,Aditeya,
1,Aditeya,
3,Aditeya,
2,Adwaita,Sulagna,
1,Adwaita,
1,Adwaita,
1,Adwaita,
1,Adwaita,
3,Adwaita,
2,Ajamil,Niramitra,
1,Ajamil,
1,Ajamil,
1,Ajamil,
1,Ajamil,
3,Ajamil,
2,Ambuj,Nema,
1,Ambuj,
1,Ambuj,
1,Ambuj,
1,Ambuj,
3,Ambuj,
2,American,Crayfishwoman,
1,American,
1,American,
1,American,
1,American,
3,American,
2,Amulya,Tetegni,
1,Amulya,
1,Amulya,
1,Amulya,
1,Amulya,
3,Amulya,
2,Ankush,Mitali,
1,Ankush,
1,Ankush,
1,Ankush,
1,Ankush,
3,Ankush,
2,Avinash,Thamry,
1,Avinash,
1,Avinash,
1,Avinash,
1,Avinash,
3,Avinash,
2,Blackfooted,Ferretwoman,
1,Blackfooted,
1,Blackfooted,
1,Blackfooted,
1,Blackfooted,
3,Blackfooted,
2,Borneo,Blackfooted,
1,Borneo,
1,Borneo,
1,Borneo,
1,Borneo,
3,Borneo,
2,Boudhayan,Parthiban,
1,Boudhayan,
1,Boudhayan,
1,Boudhayan,
1,Boudhayan,
3,Boudhayan,
2,Bumpy,Geckowoman,
1,Bumpy,
1,Bumpy,
1,Bumpy,
1,Bumpy,
3,Bumpy,
2,Carpet,Sharkwoman,
1,Carpet,
1,Carpet,
1,Carpet,
1,Carpet,
3,Carpet,
2,Cateyed,Snakewoman,
1,Cateyed,
1,Cateyed,
1,Cateyed,
1,Cateyed,
3,Cateyed,
2,Chacma,Baboonwoman,
1,Chacma,
1,Chacma,
1,Chacma,
1,Chacma,
3,Chacma,
2,Chinese,Catfishwoman,
1,Chinese,
1,Chinese,
1,Chinese,
1,Chinese,
3,Chinese,
2,Devadutt,Mangalwadi,
1,Devadutt,
1,Devadutt,
1,Devadutt,
1,Devadutt,
3,Devadutt,
2,Goldencheeked,Warblerwoman,
1,Goldencheeked,
1,Goldencheeked,
1,Goldencheeked,
1,Goldencheeked,
3,Goldencheeked,
2,Goose,Barnaclegirl,
1,Goose,
1,Goose,
1,Goose,
1,Goose,
3,Goose,
2,Graceful,Catsharkwoman,
1,Graceful,
1,Graceful,
1,Graceful,
1,Graceful,
3,Graceful,
2,Greater,Gliderwoman,
1,Greater,
1,Greater,
1,Greater,
1,Greater,
3,Greater,
2,Ground,Geckogirl,
1,Ground,
1,Ground,
1,Ground,
1,Ground,
3,Ground,
2,Gurudas,Nuguru,
1,Gurudas,
1,Gurudas,
1,Gurudas,
1,Gurudas,
3,Gurudas,
2,Harshal,Koushika,
1,Harshal,
1,Harshal,
1,Harshal,
1,Harshal,
3,Harshal,
2,Harshavardhan,Shaje,
1,Harshavardhan,
1,Harshavardhan,
1,Harshavardhan,
1,Harshavardhan,
3,Harshavardhan,
2,Hoary,Marmotwoman,
1,Hoary,
1,Hoary,
1,Hoary,
1,Hoary,
3,Hoary,
2,Hognose,Snakewoman,
1,Hognose,
1,Hognose,
1,Hognose,
1,Hognose,
3,Hognose,
2,Ibrahim,Niten,
1,Ibrahim,
1,Ibrahim,
1,Ibrahim,
1,Ibrahim,
3,Ibrahim,
2,Indeever,Meenan,
1,Indeever,
1,Indeever,
1,Indeever,
1,Indeever,
3,Indeever,
2,Kailashnath,Venkataramanan,
1,Kailashnath,
1,Kailashnath,
1,Kailashnath,
1,Kailashnath,
3,Kailashnath,
2,Kamlesh,Durmada,
1,Kamlesh,
1,Kamlesh,
1,Kamlesh,
1,Kamlesh,
3,Kamlesh,
2,Kanchan,Parthak,
1,Kanchan,
1,Kanchan,
1,Kanchan,
1,Kanchan,
3,Kanchan,
2,Khalid,Naagesh,
1,Khalid,
1,Khalid,
1,Khalid,
1,Khalid,
3,Khalid,
2,Korean,Tigerwoman,
1,Korean,
1,Korean,
1,Korean,
1,Korean,
3,Korean,
2,Lav,Vyapari,
1,Lav,
1,Lav,
1,Lav,
1,Lav,
3,Lav,
2,Lesser,Japanese,
1,Lesser,
1,Lesser,
1,Lesser,
1,Lesser,
3,Lesser,
2,Mahabahu,Mehul,
1,Mahabahu,
1,Mahabahu,
1,Mahabahu,
1,Mahabahu,
3,Mahabahu,
2,Mahadev,Engineer,
1,Mahadev,
1,Mahadev,
1,Mahadev,
1,Mahadev,
3,Mahadev,
2,Manoj,Privrata,
1,Manoj,
1,Manoj,
1,Manoj,
1,Manoj,
3,Manoj,
2,Milk,Snakewoman,
1,Milk,
1,Milk,
1,Milk,
1,Milk,
3,Milk,
2,Mole,Ratwoman,
1,Mole,
1,Mole,
1,Mole,
1,Mole,
3,Mole,
2,Nabhi,Kanive,
1,Nabhi,
1,Nabhi,
1,Nabhi,
1,Nabhi,
3,Nabhi,
2,Nagesh,Chittibabu,
1,Nagesh,
1,Nagesh,
1,Nagesh,
1,Nagesh,
3,Nagesh,
2,Nibodh,Pramila,
1,Nibodh,
1,Nibodh,
1,Nibodh,
1,Nibodh,
3,Nibodh,
2,Nilesh,Kolar,
1,Nilesh,
1,Nilesh,
1,Nilesh,
1,Nilesh,
3,Nilesh,
2,Palm,Civetwoman,
1,Palm,
1,Palm,
1,Palm,
1,Palm,
3,Palm,
2,Parasmani,Muktheswara,
1,Parasmani,
1,Parasmani,
1,Parasmani,
1,Parasmani,
3,Parasmani,
2,Pariket,Joshi,
1,Pariket,
1,Pariket,
1,Pariket,
1,Pariket,
3,Pariket,
2,Parula,Warblergirl,
1,Parula,
1,Parula,
1,Parula,
1,Parula,
3,Parula,
2,Poison,Frogwoman,
1,Poison,
1,Poison,
1,Poison,
1,Poison,
3,Poison,
2,Prabal,Yelsangikar,
1,Prabal,
1,Prabal,
1,Prabal,
1,Prabal,
3,Prabal,
2,Rajyeshwar,Parag,
1,Rajyeshwar,
1,Rajyeshwar,
1,Rajyeshwar,
1,Rajyeshwar,
3,Rajyeshwar,
2,Rakesh,Sanghi,
1,Rakesh,
1,Rakesh,
1,Rakesh,
1,Rakesh,
3,Rakesh,
2,Ramswaroop,Soundrapandian,
1,Ramswaroop,
1,Ramswaroop,
1,Ramswaroop,
1,Ramswaroop,
3,Ramswaroop,
2,Randhir,Seshaanath,
1,Randhir,
1,Randhir,
1,Randhir,
1,Randhir,
3,Randhir,
2,Ravinandan,Prayag,
1,Ravinandan,
1,Ravinandan,
1,Ravinandan,
1,Ravinandan,
3,Ravinandan,
2,Rednecked,Pademelonwoman,
1,Rednecked,
1,Rednecked,
1,Rednecked,
1,Rednecked,
3,Rednecked,
2,Roan,Antelopewoman,
1,Roan,
1,Roan,
1,Roan,
1,Roan,
3,Roan,
2,Royal,Grammawoman,
1,Royal,
1,Royal,
1,Royal,
1,Royal,
3,Royal,
2,Samarth,Guramurthy,
1,Samarth,
1,Samarth,
1,Samarth,
1,Samarth,
3,Samarth,
2,Samudragupta,Murli,
1,Samudragupta,
1,Samudragupta,
1,Samudragupta,
1,Samudragupta,
3,Samudragupta,
2,Sand,Catwoman,
1,Sand,
1,Sand,
1,Sand,
1,Sand,
3,Sand,
2,Savitendra,Harbir,
1,Savitendra,
1,Savitendra,
1,Savitendra,
1,Savitendra,
3,Savitendra,
2,Scarab,Beetlewoman,
1,Scarab,
1,Scarab,
1,Scarab,
1,Scarab,
3,Scarab,
2,Sharad,Darisipudi,
1,Sharad,
1,Sharad,
1,Sharad,
1,Sharad,
3,Sharad,
2,Sourabh,Macwan,
1,Sourabh,
1,Sourabh,
1,Sourabh,
1,Sourabh,
3,Sourabh,
2,Srikant,Manohari,
1,Srikant,
1,Srikant,
1,Srikant,
1,Srikant,
3,Srikant,
2,Supriya,Ramdas,
1,Supriya,
1,Supriya,
1,Supriya,
1,Supriya,
3,Supriya,
2,Swallowtail,Butterflywoman,
1,Swallowtail,
1,Swallowtail,
1,Swallowtail,
1,Swallowtail,
3,Swallowtail,
2,Tamal,Sapra,
1,Tamal,
1,Tamal,
1,Tamal,
1,Tamal,
3,Tamal,
2,Tarit,Nayna,
1,Tarit,
1,Tarit,
1,Tarit,
1,Tarit,
3,Tarit,
2,Teerth,Navya,
1,Teerth,
1,Teerth,
1,Teerth,
1,Teerth,
3,Teerth,
2,Tiger,Beetlewoman,
1,Tiger,
1,Tiger,
1,Tiger,
1,Tiger,
3,Tiger,
2,Udyam,Vairaja,
1,Udyam,
1,Udyam,
1,Udyam,
1,Udyam,
3,Udyam,
2,Veer,Sompalli,
1,Veer,
1,Veer,
1,Veer,
1,Veer,
3,Veer,
2,Vishwambhar,Trilochana,
1,Vishwambhar,
1,Vishwambhar,
1,Vishwambhar,
1,Vishwambhar,
3,Vishwambhar,
2,Yaduvir,Vipul,
1,Yaduvir,
1,Yaduvir,
1,Yaduvir,
1,Yaduvir,
3,Yaduvir,
2,Yellow,Jacketwoman,
1,Yellow,
1,Yellow,
1,Yellow,
1,Yellow,
3,Yellow,
2,Yelloweyed,Penguinwoma,
1,Yelloweyed,
1,Yelloweyed,
1,Yelloweyed,
1,Yelloweyed,
3,Yelloweyed,
